transcript_id,exon_id,rank,strand,start,end,version
ENST00000269305,ENSE00003605891,11,-1,7571720,7573008,1
ENST00000269305,ENSE00003545950,10,-1,7573927,7574033,1
ENST00000269305,ENSE00003636029,9,-1,7576853,7576926,1
ENST00000269305,ENSE00003586720,8,-1,7577019,7577155,1
ENST00000269305,ENSE00003504863,7,-1,7577499,7577608,1
ENST00000269305,ENSE00003462942,6,-1,7578177,7578289,1
ENST00000269305,ENSE00003518480,5,-1,7578371,7578554,1
ENST00000269305,ENSE00003625790,4,-1,7579312,7579590,1
ENST00000269305,ENSE00002419584,3,-1,7579700,7579721,1
ENST00000269305,ENSE00002667911,2,-1,7579839,7579940,1
ENST00000269305,ENSE00001146308,1,-1,7590695,7590856,3
ENST00000277541,ENSE00001247584,34,-1,139388896,139392010,5
ENST00000277541,ENSE00000985049,33,-1,139393351,139393448,1
ENST00000277541,ENSE00000985048,32,-1,139393564,139393711,1
ENST00000277541,ENSE00000985047,31,-1,139395004,139395299,1
ENST00000277541,ENSE00000985046,30,-1,139396200,139396365,1
ENST00000277541,ENSE00000985045,29,-1,139396453,139396540,1
ENST00000277541,ENSE00000985044,28,-1,139396724,139396940,1
ENST00000277541,ENSE00003681600,27,-1,139397634,139397782,1
ENST00000277541,ENSE00000985042,26,-1,139399125,139399556,1
ENST00000277541,ENSE00000985041,25,-1,139399762,139400333,1
ENST00000277541,ENSE00000985040,24,-1,139400979,139401091,1
ENST00000277541,ENSE00000985039,23,-1,139401168,139401425,1
ENST00000277541,ENSE00000985038,22,-1,139401757,139401889,1
ENST00000277541,ENSE00000985037,21,-1,139402407,139402591,1
ENST00000277541,ENSE00000985036,20,-1,139402684,139402837,1
ENST00000277541,ENSE00000985035,19,-1,139403322,139403523,1
ENST00000277541,ENSE00000985034,18,-1,139404185,139404413,1
ENST00000277541,ENSE00000985033,17,-1,139405105,139405257,3
ENST00000277541,ENSE00000985032,16,-1,139405604,139405723,1
ENST00000277541,ENSE00000985031,15,-1,139407473,139407586,1
ENST00000277541,ENSE00000985030,14,-1,139407844,139407989,1
ENST00000277541,ENSE00000985029,13,-1,139408962,139409154,1
ENST00000277541,ENSE00000985028,12,-1,139409742,139409852,1
ENST00000277541,ENSE00000985027,11,-1,139409935,139410168,1
ENST00000277541,ENSE00000985026,10,-1,139410433,139410546,1
ENST00000277541,ENSE00000985025,9,-1,139411724,139411837,1
ENST00000277541,ENSE00000985024,8,-1,139412204,139412389,1
ENST00000277541,ENSE00000985023,7,-1,139412589,139412744,1
ENST00000277541,ENSE00000985022,6,-1,139413043,139413276,1
ENST00000277541,ENSE00001378880,5,-1,139413895,139414017,1
ENST00000277541,ENSE00000985020,4,-1,139417302,139417640,1
ENST00000277541,ENSE00001042401,3,-1,139418169,139418431,1
ENST00000277541,ENSE00001124718,2,-1,139438476,139438554,1
ENST00000277541,ENSE00001247593,1,-1,139440178,139440314,3
ENST00000309486,ENSE00001312675,22,-1,41196313,41197819,5
ENST00000309486,ENSE00003687053,21,-1,41199660,41199720,1
ENST00000309486,ENSE00003628864,20,-1,41201138,41201211,1
ENST00000309486,ENSE00003477922,19,-1,41203080,41203134,1
ENST00000309486,ENSE00003458468,18,-1,41209069,41209152,1
ENST00000309486,ENSE00003672792,17,-1,41215350,41215390,1
ENST00000309486,ENSE00003591784,16,-1,41215891,41215968,1
ENST00000309486,ENSE00003492626,15,-1,41219625,41219712,1
ENST00000309486,ENSE00003497952,14,-1,41222945,41223255,1
ENST00000309486,ENSE00003537850,13,-1,41226348,41226538,1
ENST00000309486,ENSE00003484886,12,-1,41228505,41228631,1
ENST00000309486,ENSE00003527960,11,-1,41234421,41234592,1
ENST00000309486,ENSE00003547126,10,-1,41242961,41243049,1
ENST00000309486,ENSE00003549219,9,-1,41243452,41246877,1
ENST00000309486,ENSE00003518965,8,-1,41247863,41247939,1
ENST00000309486,ENSE00003673367,7,-1,41249261,41249306,1
ENST00000309486,ENSE00003501023,6,-1,41251792,41251897,1
ENST00000309486,ENSE00003618767,5,-1,41256139,41256278,1
ENST00000309486,ENSE00003472279,4,-1,41256885,41256973,1
ENST00000309486,ENSE00003529128,3,-1,41258473,41258550,1
ENST00000309486,ENSE00003566275,2,-1,41276034,41276132,1
ENST00000309486,ENSE00001601762,1,-1,41277294,41277468,1
ENST00000346315,ENSE00001312675,19,-1,41196313,41197819,5
ENST00000346315,ENSE00003687053,18,-1,41199660,41199720,1
ENST00000346315,ENSE00003628864,17,-1,41201138,41201211,1
ENST00000346315,ENSE00003477922,16,-1,41203080,41203134,1
ENST00000346315,ENSE00003458468,15,-1,41209069,41209152,1
ENST00000346315,ENSE00003672792,14,-1,41215350,41215390,1
ENST00000346315,ENSE00003591784,13,-1,41215891,41215968,1
ENST00000346315,ENSE00003527960,12,-1,41234421,41234592,1
ENST00000346315,ENSE00003547126,11,-1,41242961,41243049,1
ENST00000346315,ENSE00003522602,10,-1,41243452,41246877,1
ENST00000346315,ENSE00003463944,9,-1,41247863,41247939,1
ENST00000346315,ENSE00003587679,8,-1,41249261,41249306,1
ENST00000346315,ENSE00003642045,7,-1,41251792,41251897,1
ENST00000346315,ENSE00003513709,6,-1,41256139,41256278,1
ENST00000346315,ENSE00003531836,5,-1,41256885,41256973,1
ENST00000346315,ENSE00003541068,4,-1,41258473,41258550,1
ENST00000346315,ENSE00003510592,3,-1,41267743,41267796,1
ENST00000346315,ENSE00003559512,2,-1,41276034,41276132,1
ENST00000346315,ENSE00001601762,1,-1,41277294,41277468,1
ENST00000351666,ENSE00001312675,19,-1,41196313,41197819,5
ENST00000351666,ENSE00003687053,18,-1,41199660,41199720,1
ENST00000351666,ENSE00003628864,17,-1,41201138,41201211,1
ENST00000351666,ENSE00003477922,16,-1,41203080,41203134,1
ENST00000351666,ENSE00003458468,15,-1,41209069,41209152,1
ENST00000351666,ENSE00003672792,14,-1,41215350,41215390,1
ENST00000351666,ENSE00003591784,13,-1,41215891,41215968,1
ENST00000351666,ENSE00003492626,12,-1,41219625,41219712,1
ENST00000351666,ENSE00003497952,11,-1,41222945,41223255,1
ENST00000351666,ENSE00003537850,10,-1,41226348,41226538,1
ENST00000351666,ENSE00003484886,9,-1,41228505,41228631,1
ENST00000351666,ENSE00003527960,8,-1,41234421,41234592,1
ENST00000351666,ENSE00003547126,7,-1,41242961,41243049,1
ENST00000351666,ENSE00003642045,6,-1,41251792,41251897,1
ENST00000351666,ENSE00003513709,5,-1,41256139,41256278,1
ENST00000351666,ENSE00003531836,4,-1,41256885,41256973,1
ENST00000351666,ENSE00003541068,3,-1,41258473,41258550,1
ENST00000351666,ENSE00003510592,2,-1,41267743,41267796,1
ENST00000351666,ENSE00003559512,1,-1,41276034,41276132,1
ENST00000352993,ENSE00001312675,22,-1,41196313,41197819,5
ENST00000352993,ENSE00003687053,21,-1,41199660,41199720,1
ENST00000352993,ENSE00003628864,20,-1,41201138,41201211,1
ENST00000352993,ENSE00003477922,19,-1,41203080,41203134,1
ENST00000352993,ENSE00003458468,18,-1,41209069,41209152,1
ENST00000352993,ENSE00003672792,17,-1,41215350,41215390,1
ENST00000352993,ENSE00003591784,16,-1,41215891,41215968,1
ENST00000352993,ENSE00003492626,15,-1,41219625,41219712,1
ENST00000352993,ENSE00003497952,14,-1,41222945,41223255,1
ENST00000352993,ENSE00003537850,13,-1,41226348,41226538,1
ENST00000352993,ENSE00003484886,12,-1,41228505,41228631,1
ENST00000352993,ENSE00003527960,11,-1,41234421,41234592,1
ENST00000352993,ENSE00003547126,10,-1,41242961,41243049,1
ENST00000352993,ENSE00003463944,9,-1,41247863,41247939,1
ENST00000352993,ENSE00003587679,8,-1,41249261,41249306,1
ENST00000352993,ENSE00003642045,7,-1,41251792,41251897,1
ENST00000352993,ENSE00003513709,6,-1,41256139,41256278,1
ENST00000352993,ENSE00003531836,5,-1,41256885,41256973,1
ENST00000352993,ENSE00003541068,4,-1,41258473,41258550,1
ENST00000352993,ENSE00003510592,3,-1,41267743,41267796,1
ENST00000352993,ENSE00003559512,2,-1,41276034,41276132,1
ENST00000352993,ENSE00001946433,1,-1,41277288,41277500,1
ENST00000354071,ENSE00001312675,18,-1,41196313,41197819,5
ENST00000354071,ENSE00003687053,17,-1,41199660,41199720,1
ENST00000354071,ENSE00003628864,16,-1,41201138,41201211,1
ENST00000354071,ENSE00003477922,15,-1,41203080,41203134,1
ENST00000354071,ENSE00003458468,14,-1,41209069,41209152,1
ENST00000354071,ENSE00003672792,13,-1,41215350,41215390,1
ENST00000354071,ENSE00003527960,12,-1,41234421,41234592,1
ENST00000354071,ENSE00003547126,11,-1,41242961,41243049,1
ENST00000354071,ENSE00003522602,10,-1,41243452,41246877,1
ENST00000354071,ENSE00003463944,9,-1,41247863,41247939,1
ENST00000354071,ENSE00003587679,8,-1,41249261,41249306,1
ENST00000354071,ENSE00003642045,7,-1,41251792,41251897,1
ENST00000354071,ENSE00003513709,6,-1,41256139,41256278,1
ENST00000354071,ENSE00003531836,5,-1,41256885,41256973,1
ENST00000354071,ENSE00003541068,4,-1,41258473,41258550,1
ENST00000354071,ENSE00003510592,3,-1,41267743,41267796,1
ENST00000354071,ENSE00003559512,2,-1,41276034,41276132,1
ENST00000354071,ENSE00001946433,1,-1,41277288,41277500,1
ENST00000357654,ENSE00001814242,23,-1,41196312,41197819,1
ENST00000357654,ENSE00003687053,22,-1,41199660,41199720,1
ENST00000357654,ENSE00003628864,21,-1,41201138,41201211,1
ENST00000357654,ENSE00003477922,20,-1,41203080,41203134,1
ENST00000357654,ENSE00003458468,19,-1,41209069,41209152,1
ENST00000357654,ENSE00003672792,18,-1,41215350,41215390,1
ENST00000357654,ENSE00003591784,17,-1,41215891,41215968,1
ENST00000357654,ENSE00003492626,16,-1,41219625,41219712,1
ENST00000357654,ENSE00003497952,15,-1,41222945,41223255,1
ENST00000357654,ENSE00003537850,14,-1,41226348,41226538,1
ENST00000357654,ENSE00003484886,13,-1,41228505,41228631,1
ENST00000357654,ENSE00003527960,12,-1,41234421,41234592,1
ENST00000357654,ENSE00003547126,11,-1,41242961,41243049,1
ENST00000357654,ENSE00003522602,10,-1,41243452,41246877,1
ENST00000357654,ENSE00003463944,9,-1,41247863,41247939,1
ENST00000357654,ENSE00003587679,8,-1,41249261,41249306,1
ENST00000357654,ENSE00003642045,7,-1,41251792,41251897,1
ENST00000357654,ENSE00003513709,6,-1,41256139,41256278,1
ENST00000357654,ENSE00003531836,5,-1,41256885,41256973,1
ENST00000357654,ENSE00003541068,4,-1,41258473,41258550,1
ENST00000357654,ENSE00003510592,3,-1,41267743,41267796,1
ENST00000357654,ENSE00003559512,2,-1,41276034,41276132,1
ENST00000357654,ENSE00001871077,1,-1,41277288,41277387,1
ENST00000359597,ENSE00002204316,9,-1,7569404,7569562,1
ENST00000359597,ENSE00003636029,8,-1,7576853,7576926,1
ENST00000359597,ENSE00003586720,7,-1,7577019,7577155,1
ENST00000359597,ENSE00003504863,6,-1,7577499,7577608,1
ENST00000359597,ENSE00003462942,5,-1,7578177,7578289,1
ENST00000359597,ENSE00003518480,4,-1,7578371,7578554,1
ENST00000359597,ENSE00003625790,3,-1,7579312,7579590,1
ENST00000359597,ENSE00002419584,2,-1,7579700,7579721,1
ENST00000359597,ENSE00002337729,1,-1,7579839,7579912,1
ENST00000380152,ENSE00001184784,1,1,32889611,32889804,4
ENST00000380152,ENSE00001484009,2,1,32890559,32890664,1
ENST00000380152,ENSE00003666217,3,1,32893214,32893462,1
ENST00000380152,ENSE00003659301,4,1,32899213,32899321,1
ENST00000380152,ENSE00000939162,5,1,32900238,32900287,1
ENST00000380152,ENSE00000939163,6,1,32900379,32900419,1
ENST00000380152,ENSE00000939164,7,1,32900636,32900750,1
ENST00000380152,ENSE00000939165,8,1,32903580,32903629,1
ENST00000380152,ENSE00000939166,9,1,32905056,32905167,1
ENST00000380152,ENSE00000939167,10,1,32906409,32907524,1
ENST00000380152,ENSE00000939168,11,1,32910402,32915333,1
ENST00000380152,ENSE00000939169,12,1,32918695,32918790,1
ENST00000380152,ENSE00000939171,13,1,32920964,32921033,1
ENST00000380152,ENSE00000939173,14,1,32928998,32929425,1
ENST00000380152,ENSE00000939174,15,1,32930565,32930746,1
ENST00000380152,ENSE00000939175,16,1,32931879,32932066,1
ENST00000380152,ENSE00001394102,17,1,32936660,32936830,1
ENST00000380152,ENSE00000939177,18,1,32937316,32937670,1
ENST00000380152,ENSE00000939178,19,1,32944539,32944694,1
ENST00000380152,ENSE00000939180,20,1,32945093,32945237,1
ENST00000380152,ENSE00003461148,21,1,32950807,32950928,1
ENST00000380152,ENSE00000939183,22,1,32953454,32953652,1
ENST00000380152,ENSE00000939185,23,1,32953887,32954050,1
ENST00000380152,ENSE00000939187,24,1,32954144,32954282,1
ENST00000380152,ENSE00000939189,25,1,32968826,32969070,1
ENST00000380152,ENSE00003560258,26,1,32971035,32971181,1
ENST00000380152,ENSE00001184789,27,1,32972299,32973347,5
ENST00000412061,ENSE00002796714,2,-1,41245587,41246877,1
ENST00000412061,ENSE00002748719,1,-1,41247863,41247883,1
ENST00000413465,ENSE00001657961,7,-1,7565097,7565332,2
ENST00000413465,ENSE00003504863,6,-1,7577499,7577608,1
ENST00000413465,ENSE00003462942,5,-1,7578177,7578289,1
ENST00000413465,ENSE00003518480,4,-1,7578371,7578554,1
ENST00000413465,ENSE00003625790,3,-1,7579312,7579590,1
ENST00000413465,ENSE00002419584,2,-1,7579700,7579721,1
ENST00000413465,ENSE00002337729,1,-1,7579839,7579912,1
ENST00000420246,ENSE00002034209,12,-1,7571722,7573008,1
ENST00000420246,ENSE00003634848,11,-1,7573927,7574033,1
ENST00000420246,ENSE00003552110,10,-1,7576525,7576657,1
ENST00000420246,ENSE00003636029,9,-1,7576853,7576926,1
ENST00000420246,ENSE00003586720,8,-1,7577019,7577155,1
ENST00000420246,ENSE00003504863,7,-1,7577499,7577608,1
ENST00000420246,ENSE00003462942,6,-1,7578177,7578289,1
ENST00000420246,ENSE00003518480,5,-1,7578371,7578554,1
ENST00000420246,ENSE00003625790,4,-1,7579312,7579590,1
ENST00000420246,ENSE00002419584,3,-1,7579700,7579721,1
ENST00000420246,ENSE00002667911,2,-1,7579839,7579940,1
ENST00000420246,ENSE00002051192,1,-1,7590695,7590799,1
ENST00000441802,ENSE00002028444,27,-1,187508937,187510374,1
ENST00000441802,ENSE00003637797,26,-1,187516843,187516980,1
ENST00000441802,ENSE00001016638,25,-1,187517694,187518325,1
ENST00000441802,ENSE00003666327,24,-1,187518836,187518946,1
ENST00000441802,ENSE00003473665,23,-1,187519126,187519279,1
ENST00000441802,ENSE00001170861,22,-1,187521052,187521514,1
ENST00000441802,ENSE00001170870,21,-1,187522423,187522580,1
ENST00000441802,ENSE00001170880,20,-1,187524057,187524188,1
ENST00000441802,ENSE00001016642,19,-1,187524330,187525131,1
ENST00000441802,ENSE00001016653,18,-1,187525531,187525728,1
ENST00000441802,ENSE00001271118,17,-1,187527224,187527367,3
ENST00000441802,ENSE00001170912,16,-1,187530337,187530474,2
ENST00000441802,ENSE00001170919,15,-1,187530955,187531169,1
ENST00000441802,ENSE00001170927,14,-1,187532540,187532929,1
ENST00000441802,ENSE00001016649,13,-1,187534263,187534496,1
ENST00000441802,ENSE00001016644,12,-1,187535345,187535498,1
ENST00000441802,ENSE00001198148,11,-1,187538159,187538355,1
ENST00000441802,ENSE00001016636,10,-1,187538862,187542929,1
ENST00000441802,ENSE00001672978,9,-1,187549308,187549518,1
ENST00000441802,ENSE00001016648,8,-1,187549642,187549917,1
ENST00000441802,ENSE00001016643,7,-1,187554838,187554977,1
ENST00000441802,ENSE00001016652,6,-1,187557179,187557389,1
ENST00000441802,ENSE00001016640,5,-1,187557739,187558068,1
ENST00000441802,ENSE00001198187,4,-1,187560876,187560937,1
ENST00000441802,ENSE00001271227,3,-1,187584453,187584767,1
ENST00000441802,ENSE00001271254,2,-1,187627717,187630999,3
ENST00000441802,ENSE00002032048,1,-1,187644818,187645009,1
ENST00000445888,ENSE00002037735,11,-1,7571739,7573008,1
ENST00000445888,ENSE00003545950,10,-1,7573927,7574033,1
ENST00000445888,ENSE00003636029,9,-1,7576853,7576926,1
ENST00000445888,ENSE00003586720,8,-1,7577019,7577155,1
ENST00000445888,ENSE00003504863,7,-1,7577499,7577608,1
ENST00000445888,ENSE00003462942,6,-1,7578177,7578289,1
ENST00000445888,ENSE00003518480,5,-1,7578371,7578554,1
ENST00000445888,ENSE00003625790,4,-1,7579312,7579590,1
ENST00000445888,ENSE00002419584,3,-1,7579700,7579721,1
ENST00000445888,ENSE00001596491,2,-1,7579839,7579937,1
ENST00000445888,ENSE00002030826,1,-1,7590695,7590805,1
ENST00000455263,ENSE00002034209,12,-1,7571722,7573008,1
ENST00000455263,ENSE00003634848,11,-1,7573927,7574033,1
ENST00000455263,ENSE00003511286,10,-1,7576525,7576584,1
ENST00000455263,ENSE00003636029,9,-1,7576853,7576926,1
ENST00000455263,ENSE00003586720,8,-1,7577019,7577155,1
ENST00000455263,ENSE00003504863,7,-1,7577499,7577608,1
ENST00000455263,ENSE00003462942,6,-1,7578177,7578289,1
ENST00000455263,ENSE00003518480,5,-1,7578371,7578554,1
ENST00000455263,ENSE00003625790,4,-1,7579312,7579590,1
ENST00000455263,ENSE00002419584,3,-1,7579700,7579721,1
ENST00000455263,ENSE00002667911,2,-1,7579839,7579940,1
ENST00000455263,ENSE00002051192,1,-1,7590695,7590799,1
ENST00000461221,ENSE00003513816,23,-1,41197695,41197819,1
ENST00000461221,ENSE00003619905,22,-1,41199660,41199720,1
ENST00000461221,ENSE00003594926,21,-1,41201138,41201211,1
ENST00000461221,ENSE00003490535,20,-1,41203080,41203134,1
ENST00000461221,ENSE00003683848,19,-1,41209069,41209152,1
ENST00000461221,ENSE00003487887,18,-1,41215350,41215390,1
ENST00000461221,ENSE00003575366,17,-1,41215891,41215968,1
ENST00000461221,ENSE00003584020,16,-1,41219625,41219712,1
ENST00000461221,ENSE00003616681,15,-1,41222945,41223255,1
ENST00000461221,ENSE00003530917,14,-1,41226348,41226538,1
ENST00000461221,ENSE00003625780,13,-1,41228505,41228631,1
ENST00000461221,ENSE00003475006,12,-1,41234421,41234592,1
ENST00000461221,ENSE00003472181,11,-1,41242961,41243049,1
ENST00000461221,ENSE00003579170,10,-1,41243452,41246877,1
ENST00000461221,ENSE00003518965,9,-1,41247863,41247939,1
ENST00000461221,ENSE00003673367,8,-1,41249261,41249306,1
ENST00000461221,ENSE00003477699,7,-1,41251792,41251894,1
ENST00000461221,ENSE00003618767,6,-1,41256139,41256278,1
ENST00000461221,ENSE00003620244,5,-1,41256885,41256973,1
ENST00000461221,ENSE00001945886,4,-1,41258495,41258550,1
ENST00000461221,ENSE00003510592,3,-1,41267743,41267796,1
ENST00000461221,ENSE00003559512,2,-1,41276034,41276132,1
ENST00000461221,ENSE00001864149,1,-1,41277199,41277305,1
ENST00000461574,ENSE00001816775,4,-1,41228554,41228628,1
ENST00000461574,ENSE00003527960,3,-1,41234421,41234592,1
ENST00000461574,ENSE00003547126,2,-1,41242961,41243049,1
ENST00000461574,ENSE00001923559,1,-1,41243452,41243841,1
ENST00000461798,ENSE00001886573,7,-1,41251848,41251897,1
ENST00000461798,ENSE00003618767,6,-1,41256139,41256278,1
ENST00000461798,ENSE00003620244,5,-1,41256885,41256973,1
ENST00000461798,ENSE00001945886,4,-1,41258495,41258550,1
ENST00000461798,ENSE00003510592,3,-1,41267743,41267796,1
ENST00000461798,ENSE00003559512,2,-1,41276034,41276132,1
ENST00000461798,ENSE00001878709,1,-1,41277294,41277387,1
ENST00000467274,ENSE00001847936,10,-1,41243115,41246877,1
ENST00000467274,ENSE00003518965,9,-1,41247863,41247939,1
ENST00000467274,ENSE00003673367,8,-1,41249261,41249306,1
ENST00000467274,ENSE00003501023,7,-1,41251792,41251897,1
ENST00000467274,ENSE00003618767,6,-1,41256139,41256278,1
ENST00000467274,ENSE00003472279,5,-1,41256885,41256973,1
ENST00000467274,ENSE00003529128,4,-1,41258473,41258550,1
ENST00000467274,ENSE00003680843,3,-1,41267743,41267796,1
ENST00000467274,ENSE00003566275,2,-1,41276034,41276132,1
ENST00000467274,ENSE00001819633,1,-1,41277288,41277332,1
ENST00000468300,ENSE00001831829,22,-1,41196822,41197819,1
ENST00000468300,ENSE00003598175,21,-1,41199660,41199720,1
ENST00000468300,ENSE00003477922,20,-1,41203080,41203134,1
ENST00000468300,ENSE00003458468,19,-1,41209069,41209152,1
ENST00000468300,ENSE00003672792,18,-1,41215350,41215390,1
ENST00000468300,ENSE00003591784,17,-1,41215891,41215968,1
ENST00000468300,ENSE00003492626,16,-1,41219625,41219712,1
ENST00000468300,ENSE00003497952,15,-1,41222945,41223255,1
ENST00000468300,ENSE00003537850,14,-1,41226348,41226538,1
ENST00000468300,ENSE00001516235,13,-1,41228505,41228628,1
ENST00000468300,ENSE00003527960,12,-1,41234421,41234592,1
ENST00000468300,ENSE00003547126,11,-1,41242961,41243049,1
ENST00000468300,ENSE00001936588,10,-1,41246761,41246877,1
ENST00000468300,ENSE00003463944,9,-1,41247863,41247939,1
ENST00000468300,ENSE00003587679,8,-1,41249261,41249306,1
ENST00000468300,ENSE00003642045,7,-1,41251792,41251897,1
ENST00000468300,ENSE00003513709,6,-1,41256139,41256278,1
ENST00000468300,ENSE00003531836,5,-1,41256885,41256973,1
ENST00000468300,ENSE00003541068,4,-1,41258473,41258550,1
ENST00000468300,ENSE00003510592,3,-1,41267743,41267796,1
ENST00000468300,ENSE00003559512,2,-1,41276034,41276132,1
ENST00000468300,ENSE00001601762,1,-1,41277294,41277468,1
ENST00000470026,ENSE00001946902,10,-1,41245601,41246877,1
ENST00000470026,ENSE00003463944,9,-1,41247863,41247939,1
ENST00000470026,ENSE00003587679,8,-1,41249261,41249306,1
ENST00000470026,ENSE00003642045,7,-1,41251792,41251897,1
ENST00000470026,ENSE00003513709,6,-1,41256139,41256278,1
ENST00000470026,ENSE00003531836,5,-1,41256885,41256973,1
ENST00000470026,ENSE00003541068,4,-1,41258473,41258550,1
ENST00000470026,ENSE00003510592,3,-1,41267743,41267796,1
ENST00000470026,ENSE00003559512,2,-1,41276034,41276132,1
ENST00000470026,ENSE00001839986,1,-1,41277199,41277340,1
ENST00000470094,ENSE00001930817,1,1,32953977,32954050,1
ENST00000470094,ENSE00000939187,2,1,32954144,32954282,1
ENST00000470094,ENSE00000939189,3,1,32968826,32969070,1
ENST00000470094,ENSE00001926117,4,1,32970128,32970253,1
ENST00000470094,ENSE00003655009,5,1,32971035,32971181,1
ENST00000470094,ENSE00001907105,6,1,32972299,32972409,1
ENST00000471181,ENSE00001937547,24,-1,41197646,41197819,1
ENST00000471181,ENSE00003687053,23,-1,41199660,41199720,1
ENST00000471181,ENSE00003628864,22,-1,41201138,41201211,1
ENST00000471181,ENSE00003477922,21,-1,41203080,41203134,1
ENST00000471181,ENSE00003458468,20,-1,41209069,41209152,1
ENST00000471181,ENSE00003672792,19,-1,41215350,41215390,1
ENST00000471181,ENSE00003591784,18,-1,41215891,41215968,1
ENST00000471181,ENSE00003492626,17,-1,41219625,41219712,1
ENST00000471181,ENSE00003497952,16,-1,41222945,41223255,1
ENST00000471181,ENSE00003537850,15,-1,41226348,41226538,1
ENST00000471181,ENSE00001516235,14,-1,41228505,41228628,1
ENST00000471181,ENSE00001516237,13,-1,41231351,41231416,1
ENST00000471181,ENSE00003527960,12,-1,41234421,41234592,1
ENST00000471181,ENSE00003547126,11,-1,41242961,41243049,1
ENST00000471181,ENSE00003522602,10,-1,41243452,41246877,1
ENST00000471181,ENSE00003463944,9,-1,41247863,41247939,1
ENST00000471181,ENSE00003587679,8,-1,41249261,41249306,1
ENST00000471181,ENSE00003642045,7,-1,41251792,41251897,1
ENST00000471181,ENSE00003513709,6,-1,41256139,41256278,1
ENST00000471181,ENSE00003531836,5,-1,41256885,41256973,1
ENST00000471181,ENSE00003541068,4,-1,41258473,41258550,1
ENST00000471181,ENSE00003510592,3,-1,41267743,41267796,1
ENST00000471181,ENSE00003559512,2,-1,41276034,41276132,1
ENST00000471181,ENSE00001946433,1,-1,41277288,41277500,1
ENST00000472490,ENSE00001876698,2,-1,41219291,41219712,1
ENST00000472490,ENSE00001858912,1,-1,41222945,41223083,1
ENST00000473961,ENSE00001854353,4,-1,41246187,41246877,1
ENST00000473961,ENSE00003591036,3,-1,41251792,41251894,1
ENST00000473961,ENSE00003513709,2,-1,41256139,41256278,1
ENST00000473961,ENSE00001913831,1,-1,41256885,41256908,1
ENST00000476777,ENSE00003510655,9,-1,41247863,41247939,1
ENST00000476777,ENSE00003587679,8,-1,41249261,41249306,1
ENST00000476777,ENSE00003591036,7,-1,41251792,41251894,1
ENST00000476777,ENSE00003513709,6,-1,41256139,41256278,1
ENST00000476777,ENSE00003531836,5,-1,41256885,41256973,1
ENST00000476777,ENSE00003541068,4,-1,41258473,41258550,1
ENST00000476777,ENSE00003510592,3,-1,41267743,41267796,1
ENST00000476777,ENSE00003559512,2,-1,41276034,41276132,1
ENST00000476777,ENSE00001925912,1,-1,41277288,41277370,1
ENST00000477152,ENSE00001946212,9,-1,41245603,41246877,1
ENST00000477152,ENSE00003463944,8,-1,41247863,41247939,1
ENST00000477152,ENSE00003587679,7,-1,41249261,41249306,1
ENST00000477152,ENSE00003642045,6,-1,41251792,41251897,1
ENST00000477152,ENSE00003513709,5,-1,41256139,41256278,1
ENST00000477152,ENSE00003531836,4,-1,41256885,41256973,1
ENST00000477152,ENSE00003510592,3,-1,41267743,41267796,1
ENST00000477152,ENSE00003559512,2,-1,41276034,41276132,1
ENST00000477152,ENSE00001852567,1,-1,41277288,41277381,1
ENST00000478531,ENSE00001871565,18,-1,41215361,41215390,1
ENST00000478531,ENSE00003591784,17,-1,41215891,41215968,1
ENST00000478531,ENSE00003492626,16,-1,41219625,41219712,1
ENST00000478531,ENSE00003497952,15,-1,41222945,41223255,1
ENST00000478531,ENSE00003537850,14,-1,41226348,41226538,1
ENST00000478531,ENSE00003484886,13,-1,41228505,41228631,1
ENST00000478531,ENSE00003527960,12,-1,41234421,41234592,1
ENST00000478531,ENSE00003547126,11,-1,41242961,41243049,1
ENST00000478531,ENSE00001936588,10,-1,41246761,41246877,1
ENST00000478531,ENSE00003463944,9,-1,41247863,41247939,1
ENST00000478531,ENSE00003587679,8,-1,41249261,41249306,1
ENST00000478531,ENSE00003591036,7,-1,41251792,41251894,1
ENST00000478531,ENSE00003513709,6,-1,41256139,41256278,1
ENST00000478531,ENSE00003531836,5,-1,41256885,41256973,1
ENST00000478531,ENSE00003541068,4,-1,41258473,41258550,1
ENST00000478531,ENSE00003510592,3,-1,41267743,41267796,1
ENST00000478531,ENSE00003559512,2,-1,41276034,41276132,1
ENST00000478531,ENSE00001896310,1,-1,41277294,41277376,1
ENST00000484087,ENSE00001871565,12,-1,41215361,41215390,1
ENST00000484087,ENSE00003591784,11,-1,41215891,41215968,1
ENST00000484087,ENSE00003492626,10,-1,41219625,41219712,1
ENST00000484087,ENSE00003497952,9,-1,41222945,41223255,1
ENST00000484087,ENSE00003537850,8,-1,41226348,41226538,1
ENST00000484087,ENSE00003484886,7,-1,41228505,41228631,1
ENST00000484087,ENSE00003527960,6,-1,41234421,41234592,1
ENST00000484087,ENSE00003547126,5,-1,41242961,41243049,1
ENST00000484087,ENSE00001936588,4,-1,41246761,41246877,1
ENST00000484087,ENSE00003591036,3,-1,41251792,41251894,1
ENST00000484087,ENSE00003513709,2,-1,41256139,41256278,1
ENST00000484087,ENSE00001815807,1,-1,41256885,41256933,1
ENST00000487825,ENSE00003500179,7,-1,41228505,41228631,1
ENST00000487825,ENSE00003527960,6,-1,41234421,41234592,1
ENST00000487825,ENSE00003547126,5,-1,41242961,41243049,1
ENST00000487825,ENSE00001936588,4,-1,41246761,41246877,1
ENST00000487825,ENSE00003642045,3,-1,41251792,41251897,1
ENST00000487825,ENSE00003513709,2,-1,41256139,41256278,1
ENST00000487825,ENSE00001815807,1,-1,41256885,41256933,1
ENST00000489037,ENSE00001917948,5,-1,41256206,41256278,1
ENST00000489037,ENSE00003531836,4,-1,41256885,41256973,1
ENST00000489037,ENSE00003510592,3,-1,41267743,41267796,1
ENST00000489037,ENSE00003559512,2,-1,41276034,41276132,1
ENST00000489037,ENSE00001930573,1,-1,41277199,41277338,1
ENST00000491649,ENSE00001927539,2,-1,139417080,139417640,1
ENST00000491649,ENSE00001815624,1,-1,139418169,139418350,1
ENST00000491747,ENSE00003487914,23,-1,41197695,41197819,1
ENST00000491747,ENSE00003687053,22,-1,41199660,41199720,1
ENST00000491747,ENSE00003628864,21,-1,41201138,41201211,1
ENST00000491747,ENSE00003477922,20,-1,41203080,41203134,1
ENST00000491747,ENSE00003458468,19,-1,41209069,41209152,1
ENST00000491747,ENSE00003672792,18,-1,41215350,41215390,1
ENST00000491747,ENSE00003591784,17,-1,41215891,41215968,1
ENST00000491747,ENSE00003492626,16,-1,41219625,41219712,1
ENST00000491747,ENSE00003497952,15,-1,41222945,41223255,1
ENST00000491747,ENSE00003537850,14,-1,41226348,41226538,1
ENST00000491747,ENSE00001516235,13,-1,41228505,41228628,1
ENST00000491747,ENSE00003527960,12,-1,41234421,41234592,1
ENST00000491747,ENSE00003547126,11,-1,41242961,41243049,1
ENST00000491747,ENSE00001936588,10,-1,41246761,41246877,1
ENST00000491747,ENSE00003463944,9,-1,41247863,41247939,1
ENST00000491747,ENSE00003587679,8,-1,41249261,41249306,1
ENST00000491747,ENSE00003642045,7,-1,41251792,41251897,1
ENST00000491747,ENSE00003513709,6,-1,41256139,41256278,1
ENST00000491747,ENSE00003531836,5,-1,41256885,41256973,1
ENST00000491747,ENSE00003541068,4,-1,41258473,41258550,1
ENST00000491747,ENSE00003510592,3,-1,41267743,41267796,1
ENST00000491747,ENSE00003559512,2,-1,41276034,41276132,1
ENST00000491747,ENSE00001867002,1,-1,41277294,41277373,1
ENST00000492859,ENSE00003467465,11,-1,41246129,41246877,1
ENST00000492859,ENSE00003518965,10,-1,41247863,41247939,1
ENST00000492859,ENSE00003673367,9,-1,41249261,41249306,1
ENST00000492859,ENSE00003501023,8,-1,41251792,41251897,1
ENST00000492859,ENSE00003618767,7,-1,41256139,41256278,1
ENST00000492859,ENSE00003472279,6,-1,41256885,41256973,1
ENST00000492859,ENSE00003529128,5,-1,41258473,41258550,1
ENST00000492859,ENSE00001888888,4,-1,41262482,41262597,1
ENST00000492859,ENSE00003510592,3,-1,41267743,41267796,1
ENST00000492859,ENSE00003559512,2,-1,41276034,41276132,1
ENST00000492859,ENSE00001867485,1,-1,41277288,41277317,1
ENST00000493795,ENSE00001937547,22,-1,41197646,41197819,1
ENST00000493795,ENSE00003687053,21,-1,41199660,41199720,1
ENST00000493795,ENSE00003628864,20,-1,41201138,41201211,1
ENST00000493795,ENSE00003477922,19,-1,41203080,41203134,1
ENST00000493795,ENSE00003458468,18,-1,41209069,41209152,1
ENST00000493795,ENSE00003672792,17,-1,41215350,41215390,1
ENST00000493795,ENSE00003591784,16,-1,41215891,41215968,1
ENST00000493795,ENSE00003492626,15,-1,41219625,41219712,1
ENST00000493795,ENSE00003497952,14,-1,41222945,41223255,1
ENST00000493795,ENSE00003537850,13,-1,41226348,41226538,1
ENST00000493795,ENSE00003484886,12,-1,41228505,41228631,1
ENST00000493795,ENSE00003527960,11,-1,41234421,41234592,1
ENST00000493795,ENSE00003547126,10,-1,41242961,41243049,1
ENST00000493795,ENSE00003522602,9,-1,41243452,41246877,1
ENST00000493795,ENSE00003463944,8,-1,41247863,41247939,1
ENST00000493795,ENSE00003587679,7,-1,41249261,41249306,1
ENST00000493795,ENSE00003642045,6,-1,41251792,41251897,1
ENST00000493795,ENSE00003513709,5,-1,41256139,41256278,1
ENST00000493795,ENSE00003531836,4,-1,41256885,41256973,1
ENST00000493795,ENSE00003681626,3,-1,41258473,41258550,1
ENST00000493795,ENSE00003566275,2,-1,41276034,41276132,1
ENST00000493795,ENSE00001869098,1,-1,41277294,41277419,1
ENST00000493919,ENSE00002344016,17,-1,41215377,41215390,1
ENST00000493919,ENSE00003591784,16,-1,41215891,41215968,1
ENST00000493919,ENSE00003492626,15,-1,41219625,41219712,1
ENST00000493919,ENSE00003497952,14,-1,41222945,41223255,1
ENST00000493919,ENSE00003537850,13,-1,41226348,41226538,1
ENST00000493919,ENSE00003484886,12,-1,41228505,41228631,1
ENST00000493919,ENSE00003527960,11,-1,41234421,41234592,1
ENST00000493919,ENSE00003547126,10,-1,41242961,41243049,1
ENST00000493919,ENSE00001936588,9,-1,41246761,41246877,1
ENST00000493919,ENSE00003463944,8,-1,41247863,41247939,1
ENST00000493919,ENSE00003587679,7,-1,41249261,41249306,1
ENST00000493919,ENSE00003642045,6,-1,41251792,41251897,1
ENST00000493919,ENSE00003513709,5,-1,41256139,41256278,1
ENST00000493919,ENSE00003531836,4,-1,41256885,41256973,1
ENST00000493919,ENSE00003681626,3,-1,41258473,41258550,1
ENST00000493919,ENSE00003566275,2,-1,41276034,41276132,1
ENST00000493919,ENSE00001869098,1,-1,41277294,41277419,1
ENST00000494123,ENSE00003470144,10,-1,41246129,41246877,1
ENST00000494123,ENSE00003463944,9,-1,41247863,41247939,1
ENST00000494123,ENSE00003587679,8,-1,41249261,41249306,1
ENST00000494123,ENSE00003642045,7,-1,41251792,41251897,1
ENST00000494123,ENSE00003513709,6,-1,41256139,41256278,1
ENST00000494123,ENSE00003531836,5,-1,41256885,41256973,1
ENST00000494123,ENSE00003541068,4,-1,41258473,41258550,1
ENST00000494123,ENSE00003510592,3,-1,41267743,41267796,1
ENST00000494123,ENSE00003559512,2,-1,41276034,41276132,1
ENST00000494123,ENSE00001954850,1,-1,41277294,41277467,1
ENST00000494783,ENSE00001863062,3,-1,139396898,139397227,1
ENST00000494783,ENSE00003556401,2,-1,139397634,139397782,1
ENST00000494783,ENSE00001896982,1,-1,139399125,139399297,1
ENST00000497488,ENSE00003467465,2,-1,41246129,41246877,1
ENST00000497488,ENSE00001867485,1,-1,41277288,41277317,1
ENST00000500085,ENSE00002084181,3,-1,187508981,187510374,1
ENST00000500085,ENSE00003482721,2,-1,187516843,187516980,1
ENST00000500085,ENSE00002076790,1,-1,187517694,187518385,1
ENST00000503253,ENSE00002081171,2,-1,187521485,187521514,1
ENST00000503253,ENSE00002034852,1,-1,187522423,187522854,1
ENST00000503591,ENSE00002362269,6,-1,7578547,7578554,1
ENST00000503591,ENSE00003625790,5,-1,7579312,7579590,1
ENST00000503591,ENSE00002419584,4,-1,7579700,7579721,1
ENST00000503591,ENSE00002667911,3,-1,7579839,7579940,1
ENST00000503591,ENSE00002065802,2,-1,7580643,7580745,1
ENST00000503591,ENSE00002051873,1,-1,7590695,7590745,1
ENST00000504290,ENSE00003492844,8,-1,7571720,7573008,1
ENST00000504290,ENSE00003634848,7,-1,7573927,7574033,1
ENST00000504290,ENSE00003576506,6,-1,7576525,7576584,1
ENST00000504290,ENSE00003516179,5,-1,7576853,7576926,1
ENST00000504290,ENSE00003692058,4,-1,7577019,7577155,1
ENST00000504290,ENSE00003475276,3,-1,7577499,7577608,1
ENST00000504290,ENSE00003465983,2,-1,7578177,7578289,1
ENST00000504290,ENSE00002064269,1,-1,7578371,7578811,1
ENST00000504937,ENSE00003492844,7,-1,7571720,7573008,1
ENST00000504937,ENSE00003634848,6,-1,7573927,7574033,1
ENST00000504937,ENSE00003516179,5,-1,7576853,7576926,1
ENST00000504937,ENSE00003692058,4,-1,7577019,7577155,1
ENST00000504937,ENSE00003475276,3,-1,7577499,7577608,1
ENST00000504937,ENSE00003465983,2,-1,7578177,7578289,1
ENST00000504937,ENSE00002064269,1,-1,7578371,7578811,1
ENST00000505014,ENSE00002076714,5,-1,7577844,7578289,1
ENST00000505014,ENSE00003520683,4,-1,7578371,7578554,1
ENST00000505014,ENSE00003532881,3,-1,7579312,7579590,1
ENST00000505014,ENSE00002084733,2,-1,7579700,7579940,1
ENST00000505014,ENSE00002030826,1,-1,7590695,7590805,1
ENST00000507105,ENSE00002034514,5,-1,187509961,187510374,1
ENST00000507105,ENSE00003637797,4,-1,187516843,187516980,1
ENST00000507105,ENSE00002029603,3,-1,187518188,187518325,1
ENST00000507105,ENSE00003574194,2,-1,187518836,187518946,1
ENST00000507105,ENSE00002062444,1,-1,187519126,187519178,1
ENST00000507662,ENSE00002039119,3,-1,187518265,187518425,1
ENST00000507662,ENSE00003528635,2,-1,187518836,187518946,1
ENST00000507662,ENSE00002027127,1,-1,187519126,187519281,1
ENST00000508035,ENSE00002069718,2,-1,187530404,187530474,1
ENST00000508035,ENSE00002038044,1,-1,187530955,187531224,1
ENST00000508793,ENSE00002073243,5,-1,7578434,7578554,1
ENST00000508793,ENSE00003625790,4,-1,7579312,7579590,1
ENST00000508793,ENSE00002419584,3,-1,7579700,7579721,1
ENST00000508793,ENSE00002667911,2,-1,7579839,7579940,1
ENST00000508793,ENSE00002062958,1,-1,7580643,7580752,1
ENST00000509537,ENSE00002079118,3,-1,187510144,187510374,1
ENST00000509537,ENSE00002065969,2,-1,187511659,187511849,1
ENST00000509537,ENSE00002074105,1,-1,187516843,187516899,1
ENST00000509647,ENSE00002055752,2,-1,187629517,187630999,1
ENST00000509647,ENSE00002045233,1,-1,187647508,187647876,1
ENST00000509690,ENSE00003669712,6,-1,7576853,7576926,1
ENST00000509690,ENSE00003586720,5,-1,7577019,7577155,1
ENST00000509690,ENSE00003504863,4,-1,7577499,7577608,1
ENST00000509690,ENSE00003462942,3,-1,7578177,7578289,1
ENST00000509690,ENSE00003656695,2,-1,7578371,7578554,1
ENST00000509690,ENSE00002030826,1,-1,7590695,7590805,1
ENST00000509927,ENSE00002047222,4,-1,187510226,187510374,1
ENST00000509927,ENSE00002078674,3,-1,187511522,187511557,1
ENST00000509927,ENSE00002074645,2,-1,187513847,187513906,1
ENST00000509927,ENSE00002037514,1,-1,187516843,187516954,1
ENST00000510385,ENSE00003492844,8,-1,7571720,7573008,1
ENST00000510385,ENSE00003634848,7,-1,7573927,7574033,1
ENST00000510385,ENSE00003496026,6,-1,7576525,7576657,1
ENST00000510385,ENSE00003516179,5,-1,7576853,7576926,1
ENST00000510385,ENSE00003692058,4,-1,7577019,7577155,1
ENST00000510385,ENSE00003475276,3,-1,7577499,7577608,1
ENST00000510385,ENSE00003465983,2,-1,7578177,7578289,1
ENST00000510385,ENSE00002064269,1,-1,7578371,7578811,1
ENST00000512347,ENSE00002049940,3,-1,187518884,187518946,1
ENST00000512347,ENSE00003652511,2,-1,187519126,187519279,1
ENST00000512347,ENSE00002077479,1,-1,187519681,187519975,1
ENST00000512772,ENSE00002040945,4,-1,187509546,187510374,1
ENST00000512772,ENSE00002078674,3,-1,187511522,187511557,1
ENST00000512772,ENSE00003637797,2,-1,187516843,187516980,1
ENST00000512772,ENSE00002051153,1,-1,187517694,187517995,1
ENST00000514944,ENSE00002048269,6,-1,7577535,7577608,1
ENST00000514944,ENSE00003462942,5,-1,7578177,7578289,1
ENST00000514944,ENSE00003518480,4,-1,7578371,7578554,1
ENST00000514944,ENSE00002419584,3,-1,7579700,7579721,1
ENST00000514944,ENSE00002667911,2,-1,7579839,7579940,1
ENST00000514944,ENSE00002051873,1,-1,7590695,7590745,1
ENST00000528762,ENSE00002145385,1,1,32945108,32945237,1
ENST00000528762,ENSE00002167182,2,1,32949480,32949543,1
ENST00000528762,ENSE00003672885,3,1,32950807,32950928,1
ENST00000528762,ENSE00002191428,4,1,32953454,32953632,1
ENST00000530893,ENSE00002143308,1,1,32889642,32889804,1
ENST00000530893,ENSE00003339705,2,1,32890559,32890660,1
ENST00000530893,ENSE00003563161,3,1,32893214,32893462,1
ENST00000530893,ENSE00003616014,4,1,32899213,32899321,1
ENST00000530893,ENSE00000939162,5,1,32900238,32900287,1
ENST00000530893,ENSE00000939163,6,1,32900379,32900419,1
ENST00000530893,ENSE00000939164,7,1,32900636,32900750,1
ENST00000530893,ENSE00000939165,8,1,32903580,32903629,1
ENST00000530893,ENSE00000939166,9,1,32905056,32905167,1
ENST00000530893,ENSE00002163180,10,1,32906409,32907428,1
ENST00000533776,ENSE00002187690,1,1,32970946,32971181,1
ENST00000533776,ENSE00002140263,2,1,32972299,32972585,1
ENST00000544455,ENSE00002209788,1,1,32889617,32889804,1
ENST00000544455,ENSE00001484009,2,1,32890559,32890664,1
ENST00000544455,ENSE00003666217,3,1,32893214,32893462,1
ENST00000544455,ENSE00003659301,4,1,32899213,32899321,1
ENST00000544455,ENSE00000939162,5,1,32900238,32900287,1
ENST00000544455,ENSE00000939163,6,1,32900379,32900419,1
ENST00000544455,ENSE00000939164,7,1,32900636,32900750,1
ENST00000544455,ENSE00000939165,8,1,32903580,32903629,1
ENST00000544455,ENSE00000939166,9,1,32905056,32905167,1
ENST00000544455,ENSE00000939167,10,1,32906409,32907524,1
ENST00000544455,ENSE00000939168,11,1,32910402,32915333,1
ENST00000544455,ENSE00000939169,12,1,32918695,32918790,1
ENST00000544455,ENSE00000939171,13,1,32920964,32921033,1
ENST00000544455,ENSE00000939173,14,1,32928998,32929425,1
ENST00000544455,ENSE00000939174,15,1,32930565,32930746,1
ENST00000544455,ENSE00000939175,16,1,32931879,32932066,1
ENST00000544455,ENSE00001394102,17,1,32936660,32936830,1
ENST00000544455,ENSE00000939177,18,1,32937316,32937670,1
ENST00000544455,ENSE00000939178,19,1,32944539,32944694,1
ENST00000544455,ENSE00000939180,20,1,32945093,32945237,1
ENST00000544455,ENSE00003461148,21,1,32950807,32950928,1
ENST00000544455,ENSE00000939183,22,1,32953454,32953652,1
ENST00000544455,ENSE00000939185,23,1,32953887,32954050,1
ENST00000544455,ENSE00000939187,24,1,32954144,32954282,1
ENST00000544455,ENSE00000939189,25,1,32968826,32969070,1
ENST00000544455,ENSE00003560258,26,1,32971035,32971181,1
ENST00000544455,ENSE00001184789,27,1,32972299,32973347,5
ENST00000544455,ENSE00002264869,28,1,32973746,32973805,1
ENST00000574684,ENSE00002677565,2,-1,7577572,7577608,1
ENST00000574684,ENSE00002670535,1,-1,7578371,7578437,1
ENST00000576024,ENSE00002226620,2,-1,7572887,7573008,2
ENST00000576024,ENSE00002672443,1,-1,7576853,7576905,1
ENST00000586385,ENSE00002914501,8,-1,41197580,41197819,1
ENST00000586385,ENSE00003687053,7,-1,41199660,41199720,1
ENST00000586385,ENSE00003628864,6,-1,41201138,41201211,1
ENST00000586385,ENSE00003477922,5,-1,41203080,41203134,1
ENST00000586385,ENSE00003458468,4,-1,41209069,41209152,1
ENST00000586385,ENSE00003672792,3,-1,41215350,41215390,1
ENST00000586385,ENSE00003591784,2,-1,41215891,41215968,1
ENST00000586385,ENSE00002755286,1,-1,41277199,41277346,1
ENST00000591534,ENSE00002914501,11,-1,41197580,41197819,1
ENST00000591534,ENSE00003687053,10,-1,41199660,41199720,1
ENST00000591534,ENSE00003628864,9,-1,41201138,41201211,1
ENST00000591534,ENSE00003477922,8,-1,41203080,41203134,1
ENST00000591534,ENSE00003458468,7,-1,41209069,41209152,1
ENST00000591534,ENSE00003672792,6,-1,41215350,41215390,1
ENST00000591534,ENSE00003591784,5,-1,41215891,41215968,1
ENST00000591534,ENSE00003492626,4,-1,41219625,41219712,1
ENST00000591534,ENSE00003497952,3,-1,41222945,41223255,1
ENST00000591534,ENSE00003587596,2,-1,41226348,41226538,1
ENST00000591534,ENSE00002858871,1,-1,41277288,41277346,1
ENST00000591849,ENSE00002914501,5,-1,41197580,41197819,1
ENST00000591849,ENSE00003687053,4,-1,41199660,41199720,1
ENST00000591849,ENSE00003628864,3,-1,41201138,41201211,1
ENST00000591849,ENSE00002899558,2,-1,41202079,41202207,1
ENST00000591849,ENSE00002858871,1,-1,41277288,41277346,1
ENST00000604348,ENSE00003670707,5,-1,7578480,7578533,1
ENST00000604348,ENSE00003625790,4,-1,7579312,7579590,1
ENST00000604348,ENSE00002419584,3,-1,7579700,7579721,1
ENST00000604348,ENSE00002667911,2,-1,7579839,7579940,1
ENST00000604348,ENSE00002030826,1,-1,7590695,7590805,1
